<ehcache
	dynamicConfig="false"
	name="liferay-multi-vm-terracotta"
	updateCheck="false"
	xmlns:xsi="http://www.w3.org/2001/XMLSchema-instance"
	xsi:noNamespaceSchemaLocation="ehcache.xsd"
>

	<!--
	Caches in this file can be clustered and are configured to be clustered via
	Terracotta.
	-->

	<defaultCache
		eternal="false"
		maxElementsInMemory="10000"
		overflowToDisk="false"
		timeToIdleSeconds="600"
	>
		<terracotta />
	</defaultCache>
	<cache
		eternal="false"
		maxElementsInMemory="10000"
		name="com.liferay.portal.kernel.dao.orm.EntityCache"
		overflowToDisk="false"
		timeToIdleSeconds="600"
	>
		<terracotta />
	</cache>
	<cache
		eternal="false"
		maxElementsInMemory="100000"
		name="com.liferay.portal.kernel.dao.orm.EntityCache.com.liferay.portal.model.impl.AccountImpl"
		overflowToDisk="false"
		timeToIdleSeconds="600"
	>
		<terracotta />
	</cache>
	<cache
		eternal="false"
		maxElementsInMemory="100000"
		name="com.liferay.portal.kernel.dao.orm.EntityCache.com.liferay.portal.model.impl.ContactImpl"
		overflowToDisk="false"
		timeToIdleSeconds="600"
	>
		<terracotta />
	</cache>
	<cache
		eternal="false"
		maxElementsInMemory="100000"
		name="com.liferay.portal.kernel.dao.orm.EntityCache.com.liferay.portal.model.impl.GroupImpl"
		overflowToDisk="false"
		timeToIdleSeconds="600"
	>
		<terracotta />
	</cache>
	<cache
		eternal="false"
		maxElementsInMemory="100000"
		name="com.liferay.portal.kernel.dao.orm.EntityCache.com.liferay.portal.model.impl.PortletPreferencesImpl"
		overflowToDisk="false"
		timeToIdleSeconds="600"
	>
		<terracotta />
	</cache>
	<cache
		eternal="false"
		maxElementsInMemory="100000"
		name="com.liferay.portal.kernel.dao.orm.EntityCache.com.liferay.portal.model.impl.ResourceActionImpl"
		overflowToDisk="false"
		timeToIdleSeconds="600"
	>
		<terracotta />
	</cache>
	<cache
		eternal="false"
		maxElementsInMemory="1000000"
		name="com.liferay.portal.kernel.dao.orm.EntityCache.com.liferay.portal.model.impl.ResourcePermissionImpl"
		overflowToDisk="false"
		timeToIdleSeconds="600"
	>
		<terracotta />
	</cache>
	<cache
		eternal="false"
		maxElementsInMemory="100000"
		name="com.liferay.portal.kernel.dao.orm.EntityCache.com.liferay.portal.model.impl.UserImpl"
		overflowToDisk="false"
		timeToIdleSeconds="600"
	>
		<terracotta />
	</cache>
	<cache
		eternal="false"
		maxElementsInMemory="10000"
		name="com.liferay.portal.kernel.dao.orm.EntityCache.com.liferay.portlet.expando.model.impl.ExpandoColumnImpl"
		overflowToDisk="false"
		timeToIdleSeconds="600"
	>
		<terracotta />
	</cache>
	<cache
		eternal="false"
		maxElementsInMemory="10000"
		name="com.liferay.portal.kernel.dao.orm.EntityCache.com.liferay.portlet.expando.model.impl.ExpandoTableImpl"
		overflowToDisk="false"
		timeToIdleSeconds="600"
	>
		<terracotta />
	</cache>
	<cache
		eternal="false"
		maxElementsInMemory="100000"
		name="com.liferay.portal.kernel.dao.orm.EntityCache.com.liferay.portlet.expando.model.impl.ExpandoValueImpl"
		overflowToDisk="false"
		timeToIdleSeconds="600"
	>
		<terracotta />
	</cache>
	<cache
		eternal="false"
		maxElementsInMemory="10000"
		name="com.liferay.portal.kernel.dao.orm.FinderCache"
		overflowToDisk="false"
		timeToIdleSeconds="600"
	>
		<terracotta />
	</cache>
	<cache
		eternal="false"
		maxElementsInMemory="50000"
		name="com.liferay.portal.kernel.dao.orm.FinderCache.com.liferay.portal.model.impl.GroupImpl"
		overflowToDisk="false"
		timeToIdleSeconds="600"
	>
		<terracotta />
	</cache>
	<cache
		eternal="false"
		maxElementsInMemory="50000"
		name="com.liferay.portal.kernel.dao.orm.FinderCache.com.liferay.portal.model.impl.GroupImpl.List1"
		overflowToDisk="false"
		timeToIdleSeconds="600"
	>
		<terracotta />
	</cache>
	<cache
		eternal="false"
		maxElementsInMemory="50000"
		name="com.liferay.portal.kernel.dao.orm.FinderCache.com.liferay.portal.model.impl.GroupImpl.List2"
		overflowToDisk="false"
		timeToIdleSeconds="600"
	>
		<terracotta />
	</cache>
	<cache
		eternal="false"
		maxElementsInMemory="10000"
		name="com.liferay.portal.kernel.dao.orm.FinderCache.com.liferay.portal.model.impl.LayoutImpl"
		overflowToDisk="false"
		timeToIdleSeconds="600"
	>
		<terracotta />
	</cache>
	<cache
		eternal="false"
		maxElementsInMemory="10000"
		name="com.liferay.portal.kernel.dao.orm.FinderCache.com.liferay.portal.model.impl.LayoutImpl.List1"
		overflowToDisk="false"
		timeToIdleSeconds="600"
	>
		<terracotta />
	</cache>
	<cache
		eternal="false"
		maxElementsInMemory="10000"
		name="com.liferay.portal.kernel.dao.orm.FinderCache.com.liferay.portal.model.impl.LayoutImpl.List2"
		overflowToDisk="false"
		timeToIdleSeconds="600"
	>
		<terracotta />
	</cache>
	<cache
		eternal="false"
		maxElementsInMemory="100000"
		name="com.liferay.portal.kernel.dao.orm.FinderCache.com.liferay.portal.model.impl.PortletPreferencesImpl"
		overflowToDisk="false"
		timeToIdleSeconds="600"
	>
		<terracotta />
	</cache>
	<cache
		eternal="false"
		maxElementsInMemory="100000"
		name="com.liferay.portal.kernel.dao.orm.FinderCache.com.liferay.portal.model.impl.PortletPreferencesImpl.List1"
		overflowToDisk="false"
		timeToIdleSeconds="600"
	>
		<terracotta />
	</cache>
	<cache
		eternal="false"
		maxElementsInMemory="100000"
		name="com.liferay.portal.kernel.dao.orm.FinderCache.com.liferay.portal.model.impl.PortletPreferencesImpl.List2"
		overflowToDisk="false"
		timeToIdleSeconds="600"
	>
		<terracotta />
	</cache>
	<cache
		eternal="false"
		maxElementsInMemory="100000"
		name="com.liferay.portal.kernel.dao.orm.FinderCache.com.liferay.portal.model.impl.ResourceActionImpl"
		overflowToDisk="false"
		timeToIdleSeconds="600"
	>
		<terracotta />
	</cache>
	<cache
		eternal="false"
		maxElementsInMemory="100000"
		name="com.liferay.portal.kernel.dao.orm.FinderCache.com.liferay.portal.model.impl.ResourceActionImpl.List1"
		overflowToDisk="false"
		timeToIdleSeconds="600"
	>
		<terracotta />
	</cache>
	<cache
		eternal="false"
		maxElementsInMemory="100000"
		name="com.liferay.portal.kernel.dao.orm.FinderCache.com.liferay.portal.model.impl.ResourceActionImpl.List2"
		overflowToDisk="false"
		timeToIdleSeconds="600"
	>
		<terracotta />
	</cache>
	<cache
		eternal="false"
		maxElementsInMemory="100000"
		name="com.liferay.portal.kernel.dao.orm.FinderCache.com.liferay.portal.model.impl.ResourcePermissionImpl"
		overflowToDisk="false"
		timeToIdleSeconds="600"
	>
		<terracotta />
	</cache>
	<cache
		eternal="false"
		maxElementsInMemory="100000"
		name="com.liferay.portal.kernel.dao.orm.FinderCache.com.liferay.portal.model.impl.ResourcePermissionImpl.List1"
		overflowToDisk="false"
		timeToIdleSeconds="600"
	>
		<terracotta />
	</cache>
	<cache
		eternal="false"
		maxElementsInMemory="100000"
		name="com.liferay.portal.kernel.dao.orm.FinderCache.com.liferay.portal.model.impl.ResourcePermissionImpl.List2"
		overflowToDisk="false"
		timeToIdleSeconds="600"
	>
		<terracotta />
	</cache>
	<cache
		eternal="false"
		maxElementsInMemory="10000"
		name="com.liferay.portal.kernel.dao.orm.FinderCache.com.liferay.portlet.expando.model.impl.ExpandoColumnImpl"
		overflowToDisk="false"
		timeToIdleSeconds="600"
	>
		<terracotta />
	</cache>
	<cache
		eternal="false"
		maxElementsInMemory="10000"
		name="com.liferay.portal.kernel.dao.orm.FinderCache.com.liferay.portlet.expando.model.impl.ExpandoColumnImpl.List1"
		overflowToDisk="false"
		timeToIdleSeconds="600"
	>
		<terracotta />
	</cache>
	<cache
		eternal="false"
		maxElementsInMemory="10000"
		name="com.liferay.portal.kernel.dao.orm.FinderCache.com.liferay.portlet.expando.model.impl.ExpandoColumnImpl.List2"
		overflowToDisk="false"
		timeToIdleSeconds="600"
	>
		<terracotta />
	</cache>
	<cache
		eternal="false"
		maxElementsInMemory="100000"
		name="com.liferay.portal.kernel.dao.orm.FinderCache.com.liferay.portlet.expando.model.impl.ExpandoValueImpl"
		overflowToDisk="false"
		timeToIdleSeconds="600"
	>
		<terracotta />
	</cache>
	<cache
		eternal="false"
		maxElementsInMemory="100000"
		name="com.liferay.portal.kernel.dao.orm.FinderCache.com.liferay.portlet.expando.model.impl.ExpandoValueImpl.List1"
		overflowToDisk="false"
		timeToIdleSeconds="600"
	>
		<terracotta />
	</cache>
	<cache
		eternal="false"
		maxElementsInMemory="100000"
		name="com.liferay.portal.kernel.dao.orm.FinderCache.com.liferay.portlet.expando.model.impl.ExpandoValueImpl.List2"
		overflowToDisk="false"
		timeToIdleSeconds="600"
	>
		<terracotta />
	</cache>
	<cache
		eternal="false"
		maxElementsInMemory="200000"
		name="com.liferay.portal.kernel.dao.orm.FinderCache.Users_Orgs"
		overflowToDisk="false"
		timeToIdleSeconds="600"
	>
		<terracotta />
	</cache>
	<cache
		eternal="false"
		maxElementsInMemory="200000"
		name="com.liferay.portal.kernel.dao.orm.FinderCache.Users_Roles"
		overflowToDisk="false"
		timeToIdleSeconds="600"
	>
		<terracotta />
	</cache>
	<cache
		eternal="false"
		maxElementsInMemory="100000"
		name="com.liferay.portal.security.permission.PermissionCacheUtil_PERMISSION"
		overflowToDisk="false"
		timeToIdleSeconds="600"
	>
		<terracotta />
	</cache>
	<cache
		eternal="false"
		maxElementsInMemory="100000"
		name="com.liferay.portal.security.permission.PermissionCacheUtil_PERMISSION_CHECKER_BAG"
		overflowToDisk="false"
		timeToIdleSeconds="600"
	>
		<terracotta />
	</cache>
	<cache
		eternal="false"
		maxElementsInMemory="100000"
		name="com.liferay.portal.security.permission.PermissionCacheUtil_RESOURCE_BLOCK_IDS_BAG"
		overflowToDisk="false"
		timeToIdleSeconds="600"
	>
		<terracotta />
	</cache>
	<cache
		eternal="false"
		maxElementsInMemory="0"
		name="com.liferay.portal.service.impl.PortletLocalServiceImpl"
		overflowToDisk="false"
		timeToIdleSeconds="0"
	>
		<terracotta />
	</cache>
	<cache
		eternal="false"
		maxElementsInMemory="100000"
		name="com.liferay.portal.service.impl.PortletPreferencesLocalUtil"
		overflowToDisk="false"
		timeToIdleSeconds="600"
	>
		<terracotta />
	</cache>
	<cache
		eternal="false"
		maxElementsInMemory="10000"
		name="com.liferay.portal.servlet.filters.cache.CacheUtil"
		overflowToDisk="false"
		timeToIdleSeconds="600"
	>
		<terracotta />
	</cache>
	<cache
		eternal="false"
		maxElementsInMemory="10000"
		name="com.liferay.portal.webserver.WebServerServletToken"
		overflowToDisk="false"
		timeToIdleSeconds="600"
	>
		<terracotta />
	</cache>
	<cache
		eternal="false"
		maxElementsInMemory="10000"
		name="com.liferay.portlet.journalcontent.util.JournalContent"
		overflowToDisk="false"
		timeToIdleSeconds="600"
	>
		<terracotta />
	</cache>
	<cache
		eternal="false"
		maxElementsInMemory="10000"
		name="com.liferay.portlet.social.service.impl.SocialActivitySettingLocalServiceImpl"
		overflowToDisk="false"
		timeToIdleSeconds="600"
	>
		<terracotta />
	</cache>
	<terracottaConfig url="localhost:9510" />
</ehcache>