<?xml version="1.0"?>

<custom-sql>
	<sql id="com.liferay.portlet.calendar.service.persistence.CalEventFinder.countByG_SD_T">
		<![CDATA[
			SELECT
				COUNT(*) AS COUNT_VALUE
			FROM
				CalEvent
			WHERE
				(groupId = ?) AND
				(startDate >= ?) AND
				(startDate <= ?) AND
				(timeZoneSensitive = ?) AND
				(repeating = ?)
				[$TYPE$]
		]]>
	</sql>
	<sql id="com.liferay.portlet.calendar.service.persistence.CalEventFinder.findByFutureReminders">
		<![CDATA[
			SELECT
				{CalEvent.*}
			FROM
				CalEvent
			WHERE
				(remindBy != ?) AND
				(
					(
						(repeating = [$FALSE$]) AND
						(startDate >= ?)
					) OR
					(
						(repeating = [$TRUE$]) AND
						(endDate >= ? OR endDate IS NULL)
					)
				) AND
				EXISTS (
					SELECT
						1
					FROM
						User_
					WHERE
						User_.userId = CalEvent.userId
				)
		]]>
	</sql>
	<sql id="com.liferay.portlet.calendar.service.persistence.CalEventFinder.findByNoAssets">
		<![CDATA[
			SELECT
				{CalEvent.*}
			FROM
				CalEvent
			LEFT JOIN
				AssetEntry ON
					(AssetEntry.classPK = CalEvent.eventId)
			WHERE
				(AssetEntry.classPK IS NULL)
		]]>
	</sql>
	<sql id="com.liferay.portlet.calendar.service.persistence.CalEventFinder.findByG_SD_T">
		<![CDATA[
			SELECT
				{CalEvent.*}
			FROM
				CalEvent
			WHERE
				(groupId = ?) AND
				(startDate >= ?) AND
				(startDate <= ?) AND
				(timeZoneSensitive = ?) AND
				(repeating = ?)
				[$TYPE$]
		]]>
	</sql>
</custom-sql>