<?xml version="1.0"?>

<custom-sql>
	<sql id="com.liferay.portlet.wiki.service.persistence.WikiPageFinder.countByCreateDate">
		<![CDATA[
			SELECT
				COUNT(*) AS COUNT_VALUE
			FROM
				WikiPage
			WHERE
				(groupId = ?) AND
				(nodeId = ?) AND
				(createDate [$CREATE_DATE_COMPARATOR$] ?) AND
				(head = ?) AND
				(status = ?)
		]]>
	</sql>
	<sql id="com.liferay.portlet.wiki.service.persistence.WikiPageFinder.countByG_N_H_S">
		<![CDATA[
			SELECT COUNT(DISTINCT WikiPage.pageId) AS COUNT_VALUE
			FROM
				WikiPage
			WHERE
				WikiPage.groupId = ? AND
				WikiPage.nodeId = ? AND
				WikiPage.head = ? AND
				([$OWNER_USER_ID$] [$OWNER_USER_ID_AND_OR_CONNECTOR$] [$STATUS$])
		]]>
	</sql>
	<sql id="com.liferay.portlet.wiki.service.persistence.WikiPageFinder.findByResourcePrimKey">
		<![CDATA[
			SELECT
				{WikiPage.*}
			FROM
				WikiPage
			WHERE
				(resourcePrimKey = ?) AND
				(head = [$TRUE$])
		]]>
	</sql>
	<sql id="com.liferay.portlet.wiki.service.persistence.WikiPageFinder.findByCreateDate">
		<![CDATA[
			SELECT
				{WikiPage.*}
			FROM
				WikiPage
			WHERE
				(groupId = ?) AND
				(nodeId = ?) AND
				(createDate [$CREATE_DATE_COMPARATOR$] ?) AND
				(head = ?) AND
				(status = ?)
			ORDER BY
				createDate DESC
		]]>
	</sql>
	<sql id="com.liferay.portlet.wiki.service.persistence.WikiPageFinder.findByNoAssets">
		<![CDATA[
			SELECT
				{WikiPage.*}
			FROM
				WikiPage
			LEFT JOIN
				AssetEntry ON
					(AssetEntry.classPK = WikiPage.resourcePrimKey)
			WHERE
				(AssetEntry.classPK IS NULL)
		]]>
	</sql>
	<sql id="com.liferay.portlet.wiki.service.persistence.WikiPageFinder.findByG_N_H_S">
		<![CDATA[
			SELECT
				{WikiPage.*}
			FROM
				(
					SELECT DISTINCT
						WikiPage.pageId
					FROM
						WikiPage
					WHERE
						WikiPage.groupId = ? AND
						WikiPage.nodeId = ? AND
						WikiPage.head = ? AND
						([$OWNER_USER_ID$] [$OWNER_USER_ID_AND_OR_CONNECTOR$] [$STATUS$])
				)
				TEMP_TABLE
					INNER JOIN WikiPage ON
						TEMP_TABLE.pageId = WikiPage.pageId
			ORDER BY
				WikiPage.nodeId ASC
		]]>
	</sql>
</custom-sql>