<?xml version="1.0"?>
<!DOCTYPE service-builder PUBLIC "-//Liferay//DTD Service Builder 6.2.0//EN" "http://www.liferay.com/dtd/liferay-service-builder_6_2_0.dtd">

<service-builder package-path="com.liferay.portlet.shopping">
	<namespace>Shopping</namespace>
	<entity name="ShoppingCart" local-service="true" remote-service="false">

		<!-- PK fields -->

		<column name="cartId" type="long" primary="true" />

		<!-- Group instance -->

		<column name="groupId" type="long" />

		<!-- Audit fields -->

		<column name="companyId" type="long" />
		<column name="userId" type="long" />
		<column name="userName" type="String" />
		<column name="createDate" type="Date" />
		<column name="modifiedDate" type="Date" />

		<!-- Other fields -->

		<column name="itemIds" type="String" />
		<column name="couponCodes" type="String" />
		<column name="altShipping" type="int" />
		<column name="insure" type="boolean" />

		<!-- Finder methods -->

		<finder name="GroupId" return-type="Collection">
			<finder-column name="groupId" />
		</finder>
		<finder name="UserId" return-type="Collection">
			<finder-column name="userId" />
		</finder>
		<finder name="G_U" return-type="ShoppingCart" unique="true">
			<finder-column name="groupId" />
			<finder-column name="userId" />
		</finder>
	</entity>
	<entity name="ShoppingCategory" local-service="true" remote-service="true">

		<!-- PK fields -->

		<column name="categoryId" type="long" primary="true" />

		<!-- Group instance -->

		<column name="groupId" type="long" />

		<!-- Audit fields -->

		<column name="companyId" type="long" />
		<column name="userId" type="long" />
		<column name="userName" type="String" />
		<column name="createDate" type="Date" />
		<column name="modifiedDate" type="Date" />

		<!-- Other fields -->

		<column name="parentCategoryId" type="long" />
		<column name="name" type="String" />
		<column name="description" type="String" />

		<!-- Order -->

		<order by="asc">
			<order-column name="parentCategoryId" />
			<order-column name="name" case-sensitive="false" />
		</order>

		<!-- Finder methods -->

		<finder name="GroupId" return-type="Collection">
			<finder-column name="groupId" />
		</finder>
		<finder name="G_P" return-type="Collection">
			<finder-column name="groupId" />
			<finder-column name="parentCategoryId" />
		</finder>
		<finder name="G_N" return-type="ShoppingCategory">
			<finder-column name="groupId" />
			<finder-column name="name" />
		</finder>
	</entity>
	<entity name="ShoppingCoupon" local-service="true" remote-service="true">

		<!-- PK fields -->

		<column name="couponId" type="long" primary="true" />

		<!-- Group instance -->

		<column name="groupId" type="long" />

		<!-- Audit fields -->

		<column name="companyId" type="long" />
		<column name="userId" type="long" />
		<column name="userName" type="String" />
		<column name="createDate" type="Date" />
		<column name="modifiedDate" type="Date" />

		<!-- Other fields -->

		<column name="code" type="String" />
		<column name="name" type="String" />
		<column name="description" type="String" />
		<column name="startDate" type="Date" />
		<column name="endDate" type="Date" />
		<column name="active" type="boolean" />
		<column name="limitCategories" type="String" />
		<column name="limitSkus" type="String" />
		<column name="minOrder" type="double" />
		<column name="discount" type="double" />
		<column name="discountType" type="String" />

		<!-- Order -->

		<order by="asc">
			<order-column name="createDate" />
		</order>

		<!-- Finder methods -->

		<finder name="GroupId" return-type="Collection">
			<finder-column name="groupId" />
		</finder>
		<finder name="Code" return-type="ShoppingCoupon" unique="true">
			<finder-column name="code" />
		</finder>
	</entity>
	<entity name="ShoppingItem" local-service="true" remote-service="true">

		<!-- PK fields -->

		<column name="itemId" type="long" primary="true" />

		<!-- Group instance -->

		<column name="groupId" type="long" />

		<!-- Audit fields -->

		<column name="companyId" type="long" />
		<column name="userId" type="long" />
		<column name="userName" type="String" />
		<column name="createDate" type="Date" />
		<column name="modifiedDate" type="Date" />

		<!-- Other fields -->

		<column name="categoryId" type="long" />
		<column name="sku" type="String" />
		<column name="name" type="String" />
		<column name="description" type="String" />
		<column name="properties" type="String" />
		<column name="fields" type="boolean" />
		<column name="fieldsQuantities" type="String" />
		<column name="minQuantity" type="int" />
		<column name="maxQuantity" type="int" />
		<column name="price" type="double" />
		<column name="discount" type="double" />
		<column name="taxable" type="boolean" />
		<column name="shipping" type="double" />
		<column name="useShippingFormula" type="boolean" />
		<column name="requiresShipping" type="boolean" />
		<column name="stockQuantity" type="int" />
		<column name="featured" type="boolean" />
		<column name="sale" type="boolean" />
		<column name="smallImage" type="boolean" />
		<column name="smallImageId" type="long" />
		<column name="smallImageURL" type="String" />
		<column name="mediumImage" type="boolean" />
		<column name="mediumImageId" type="long" />
		<column name="mediumImageURL" type="String" />
		<column name="largeImage" type="boolean" />
		<column name="largeImageId" type="long" />
		<column name="largeImageURL" type="String" />

		<!-- Order -->

		<order by="asc">
			<order-column name="itemId" />
		</order>

		<!-- Finder methods -->

		<finder name="SmallImageId" return-type="ShoppingItem">
			<finder-column name="smallImageId" />
		</finder>
		<finder name="MediumImageId" return-type="ShoppingItem">
			<finder-column name="mediumImageId" />
		</finder>
		<finder name="LargeImageId" return-type="ShoppingItem">
			<finder-column name="largeImageId" />
		</finder>
		<finder name="G_C" return-type="Collection">
			<finder-column name="groupId" />
			<finder-column name="categoryId" />
		</finder>
		<finder name="C_S" return-type="ShoppingItem" unique="true">
			<finder-column name="companyId" />
			<finder-column name="sku" />
		</finder>

		<!-- References -->

		<reference package-path="com.liferay.portal" entity="Image" />
	</entity>
	<entity name="ShoppingItemField" local-service="true" remote-service="false">

		<!-- PK fields -->

		<column name="itemFieldId" type="long" primary="true" />

		<!-- Other fields -->

		<column name="itemId" type="long" />
		<column name="name" type="String" />
		<column name="values" type="String" />
		<column name="description" type="String" />

		<!-- Order -->

		<order by="asc">
			<order-column name="itemId" />
			<order-column name="name" case-sensitive="false" />
		</order>

		<!-- Finder methods -->

		<finder name="ItemId" return-type="Collection">
			<finder-column name="itemId" />
		</finder>
	</entity>
	<entity name="ShoppingItemPrice" local-service="true" remote-service="false">

		<!-- PK fields -->

		<column name="itemPriceId" type="long" primary="true" />

		<!-- Other fields -->

		<column name="itemId" type="long" />
		<column name="minQuantity" type="int" />
		<column name="maxQuantity" type="int" />
		<column name="price" type="double" />
		<column name="discount" type="double" />
		<column name="taxable" type="boolean" />
		<column name="shipping" type="double" />
		<column name="useShippingFormula" type="boolean" />
		<column name="status" type="int" />

		<!-- Order -->

		<order by="asc">
			<order-column name="itemId" />
			<order-column name="itemPriceId" />
		</order>

		<!-- Finder methods -->

		<finder name="ItemId" return-type="Collection">
			<finder-column name="itemId" />
		</finder>
	</entity>
	<entity name="ShoppingOrder" local-service="true" remote-service="true">

		<!-- PK fields -->

		<column name="orderId" type="long" primary="true" />

		<!-- Group instance -->

		<column name="groupId" type="long" />

		<!-- Audit fields -->

		<column name="companyId" type="long" />
		<column name="userId" type="long" />
		<column name="userName" type="String" />
		<column name="createDate" type="Date" />
		<column name="modifiedDate" type="Date" />

		<!-- Other fields -->

		<column name="number" type="String" />
		<column name="tax" type="double" />
		<column name="shipping" type="double" />
		<column name="altShipping" type="String" />
		<column name="requiresShipping" type="boolean" />
		<column name="insure" type="boolean" />
		<column name="insurance" type="double" />
		<column name="couponCodes" type="String" />
		<column name="couponDiscount" type="double" />
		<column name="billingFirstName" type="String" />
		<column name="billingLastName" type="String" />
		<column name="billingEmailAddress" type="String" />
		<column name="billingCompany" type="String" />
		<column name="billingStreet" type="String" />
		<column name="billingCity" type="String" />
		<column name="billingState" type="String" />
		<column name="billingZip" type="String" />
		<column name="billingCountry" type="String" />
		<column name="billingPhone" type="String" />
		<column name="shipToBilling" type="boolean" />
		<column name="shippingFirstName" type="String" />
		<column name="shippingLastName" type="String" />
		<column name="shippingEmailAddress" type="String" />
		<column name="shippingCompany" type="String" />
		<column name="shippingStreet" type="String" />
		<column name="shippingCity" type="String" />
		<column name="shippingState" type="String" />
		<column name="shippingZip" type="String" />
		<column name="shippingCountry" type="String" />
		<column name="shippingPhone" type="String" />
		<column name="ccName" type="String" />
		<column name="ccType" type="String" />
		<column name="ccNumber" type="String" />
		<column name="ccExpMonth" type="int" />
		<column name="ccExpYear" type="int" />
		<column name="ccVerNumber" type="String" />
		<column name="comments" type="String" />
		<column name="ppTxnId" type="String" />
		<column name="ppPaymentStatus" type="String" />
		<column name="ppPaymentGross" type="double" />
		<column name="ppReceiverEmail" type="String" />
		<column name="ppPayerEmail" type="String" />
		<column name="sendOrderEmail" type="boolean" />
		<column name="sendShippingEmail" type="boolean" />

		<!-- Order -->

		<order by="desc">
			<order-column name="createDate" />
		</order>

		<!-- Finder methods -->

		<finder name="GroupId" return-type="Collection">
			<finder-column name="groupId" />
		</finder>
		<finder name="Number" return-type="ShoppingOrder" unique="true">
			<finder-column name="number" />
		</finder>
		<finder name="PPTxnId" return-type="ShoppingOrder">
			<finder-column name="ppTxnId" />
		</finder>
		<finder name="G_U_PPPS" return-type="Collection">
			<finder-column name="groupId" />
			<finder-column name="userId" />
			<finder-column name="ppPaymentStatus" />
		</finder>

		<!-- References -->

		<reference package-path="com.liferay.mail" entity="Mail" />
		<reference package-path="com.liferay.portal" entity="Company" />
		<reference package-path="com.liferay.portal" entity="Subscription" />
		<reference package-path="com.liferay.portlet.messageboards" entity="MBMessage" />
	</entity>
	<entity name="ShoppingOrderItem" local-service="true" remote-service="false">

		<!-- PK fields -->

		<column name="orderItemId" type="long" primary="true" />

		<!-- Other fields -->

		<column name="orderId" type="long" />
		<column name="itemId" type="String" />
		<column name="sku" type="String" />
		<column name="name" type="String" />
		<column name="description" type="String" />
		<column name="properties" type="String" />
		<column name="price" type="double" />
		<column name="quantity" type="int" />
		<column name="shippedDate" type="Date" />

		<!-- Order -->

		<order by="asc">
			<order-column name="name" />
			<order-column name="description" />
		</order>

		<!-- Finder methods -->

		<finder name="OrderId" return-type="Collection">
			<finder-column name="orderId" />
		</finder>
	</entity>
	<exceptions>
		<exception>BillingCity</exception>
		<exception>BillingCountry</exception>
		<exception>BillingEmailAddress</exception>
		<exception>BillingFirstName</exception>
		<exception>BillingLastName</exception>
		<exception>BillingPhone</exception>
		<exception>BillingState</exception>
		<exception>BillingStreet</exception>
		<exception>BillingZip</exception>
		<exception>CartMinOrder</exception>
		<exception>CartMinQuantity</exception>
		<exception>CategoryName</exception>
		<exception>CCExpiration</exception>
		<exception>CCName</exception>
		<exception>CCNumber</exception>
		<exception>CCType</exception>
		<exception>CouponActive</exception>
		<exception>CouponCode</exception>
		<exception>CouponDate</exception>
		<exception>CouponDescription</exception>
		<exception>CouponEndDate</exception>
		<exception>CouponLimitCategories</exception>
		<exception>CouponLimitSKUs</exception>
		<exception>CouponName</exception>
		<exception>CouponStartDate</exception>
		<exception>DuplicateCouponCode</exception>
		<exception>DuplicateItemSKU</exception>
		<exception>ItemLargeImageName</exception>
		<exception>ItemLargeImageSize</exception>
		<exception>ItemMediumImageName</exception>
		<exception>ItemMediumImageSize</exception>
		<exception>ItemName</exception>
		<exception>ItemSKU</exception>
		<exception>ItemSmallImageName</exception>
		<exception>ItemSmallImageSize</exception>
		<exception>RequiredCoupon</exception>
		<exception>ShippingCity</exception>
		<exception>ShippingCountry</exception>
		<exception>ShippingEmailAddress</exception>
		<exception>ShippingFirstName</exception>
		<exception>ShippingLastName</exception>
		<exception>ShippingPhone</exception>
		<exception>ShippingState</exception>
		<exception>ShippingStreet</exception>
		<exception>ShippingZip</exception>
	</exceptions>
</service-builder>