<?xml version="1.0"?>
<!DOCTYPE resource-action-mapping PUBLIC "-//Liferay//DTD Resource Action Mapping 6.2.0//EN" "http://www.liferay.com/dtd/liferay-resource-action-mapping_6_2_0.dtd">

<resource-action-mapping>
	<portlet-resource>
		<portlet-name>34</portlet-name>
		<permissions>
			<supports>
				<action-key>ADD_TO_PAGE</action-key>
				<action-key>CONFIGURATION</action-key>
				<action-key>VIEW</action-key>
			</supports>
			<site-member-defaults>
				<action-key>VIEW</action-key>
			</site-member-defaults>
			<guest-defaults>
				<action-key>VIEW</action-key>
			</guest-defaults>
			<guest-unsupported>
				<action-key>CONFIGURATION</action-key>
			</guest-unsupported>
		</permissions>
	</portlet-resource>
	<model-resource>
		<model-name>com.liferay.portlet.shopping</model-name>
		<portlet-ref>
			<portlet-name>34</portlet-name>
		</portlet-ref>
		<root>true</root>
		<weight>1</weight>
		<permissions>
			<supports>
				<action-key>ADD_CATEGORY</action-key>
				<action-key>ADD_ITEM</action-key>
				<action-key>MANAGE_COUPONS</action-key>
				<action-key>MANAGE_ORDERS</action-key>
				<action-key>PERMISSIONS</action-key>
				<action-key>VIEW</action-key>
			</supports>
			<site-member-defaults>
				<action-key>VIEW</action-key>
			</site-member-defaults>
			<guest-defaults>
				<action-key>VIEW</action-key>
			</guest-defaults>
			<guest-unsupported>
				<action-key>ADD_CATEGORY</action-key>
				<action-key>ADD_ITEM</action-key>
				<action-key>MANAGE_COUPONS</action-key>
				<action-key>MANAGE_ORDERS</action-key>
				<action-key>PERMISSIONS</action-key>
			</guest-unsupported>
		</permissions>
	</model-resource>
	<model-resource>
		<model-name>com.liferay.portlet.shopping.model.ShoppingCategory</model-name>
		<portlet-ref>
			<portlet-name>34</portlet-name>
		</portlet-ref>
		<weight>2</weight>
		<permissions>
			<supports>
				<action-key>ADD_ITEM</action-key>
				<action-key>ADD_SUBCATEGORY</action-key>
				<action-key>DELETE</action-key>
				<action-key>PERMISSIONS</action-key>
				<action-key>UPDATE</action-key>
				<action-key>VIEW</action-key>
			</supports>
			<site-member-defaults>
				<action-key>VIEW</action-key>
			</site-member-defaults>
			<guest-defaults>
				<action-key>VIEW</action-key>
			</guest-defaults>
			<guest-unsupported>
				<action-key>ADD_ITEM</action-key>
				<action-key>ADD_SUBCATEGORY</action-key>
				<action-key>UPDATE</action-key>
			</guest-unsupported>
		</permissions>
	</model-resource>
	<model-resource>
		<model-name>com.liferay.portlet.shopping.model.ShoppingItem</model-name>
		<portlet-ref>
			<portlet-name>34</portlet-name>
		</portlet-ref>
		<weight>3</weight>
		<permissions>
			<supports>
				<action-key>DELETE</action-key>
				<action-key>PERMISSIONS</action-key>
				<action-key>UPDATE</action-key>
				<action-key>VIEW</action-key>
			</supports>
			<site-member-defaults>
				<action-key>VIEW</action-key>
			</site-member-defaults>
			<guest-defaults>
				<action-key>VIEW</action-key>
			</guest-defaults>
			<guest-unsupported>
				<action-key>UPDATE</action-key>
			</guest-unsupported>
		</permissions>
	</model-resource>
	<model-resource>
		<model-name>com.liferay.portlet.shopping.model.ShoppingOrder</model-name>
		<portlet-ref>
			<portlet-name>34</portlet-name>
		</portlet-ref>
		<weight>4</weight>
		<permissions>
			<supports>
				<action-key>DELETE</action-key>
				<action-key>PERMISSIONS</action-key>
				<action-key>UPDATE</action-key>
				<action-key>VIEW</action-key>
			</supports>
			<site-member-defaults />
			<guest-defaults />
			<guest-unsupported>
				<action-key>VIEW</action-key>
			</guest-unsupported>
		</permissions>
	</model-resource>
</resource-action-mapping>