<?xml version="1.0"?>
<!DOCTYPE liferay-social PUBLIC "-//Liferay//DTD Social 6.2.0//EN" "http://www.liferay.com/dtd/liferay-social_6_2_0.dtd">

<liferay-social>
	<activity>
		<model-name>com.liferay.portlet.blogs.model.BlogsEntry</model-name>
		<activity-type>${com.liferay.portlet.social.model.SocialActivityConstants.TYPE_ADD_COMMENT}</activity-type>
		<language-key>ADD_COMMENT</language-key>
		<log-activity>true</log-activity>
		<contribution-value>2</contribution-value>
		<participation-value>2</participation-value>
		<participation-limit period="day">10</participation-limit>
		<counter>
			<name>asset.comments</name>
			<owner-type>asset</owner-type>
		</counter>
		<counter>
			<name>creator.comments</name>
			<owner-type>creator</owner-type>
		</counter>
		<counter>
			<name>user.comments</name>
			<owner-type>actor</owner-type>
		</counter>
	</activity>
	<activity>
		<model-name>com.liferay.portlet.blogs.model.BlogsEntry</model-name>
		<activity-type>${com.liferay.portlet.blogs.social.BlogsActivityKeys.ADD_ENTRY}</activity-type>
		<language-key>ADD_ENTRY</language-key>
		<log-activity>true</log-activity>
		<contribution-limit enabled="false" />
		<participation-value>5</participation-value>
		<participation-limit period="lifetime">1</participation-limit>
		<counter>
			<name>user.blogs</name>
			<owner-type>actor</owner-type>
		</counter>
	</activity>
	<activity>
		<model-name>com.liferay.portlet.blogs.model.BlogsEntry</model-name>
		<activity-type>${com.liferay.portlet.social.model.SocialActivityConstants.TYPE_ADD_VOTE}</activity-type>
		<language-key>ADD_VOTE</language-key>
		<contribution-value>5</contribution-value>
		<contribution-limit enabled="false" />
		<participation-value>1</participation-value>
		<counter>
			<name>asset.votes</name>
			<owner-type>asset</owner-type>
		</counter>
		<counter>
			<name>user.votes</name>
			<owner-type>actor</owner-type>
		</counter>
	</activity>
	<activity>
		<model-name>com.liferay.portlet.blogs.model.BlogsEntry</model-name>
		<activity-type>${com.liferay.portlet.social.model.SocialActivityConstants.TYPE_MOVE_TO_TRASH}</activity-type>
		<log-activity>true</log-activity>
		<counters-enabled>false</counters-enabled>
	</activity>
	<activity>
		<model-name>com.liferay.portlet.blogs.model.BlogsEntry</model-name>
		<activity-type>${com.liferay.portlet.social.model.SocialActivityConstants.TYPE_RESTORE_FROM_TRASH}</activity-type>
		<log-activity>true</log-activity>
		<counters-enabled>false</counters-enabled>
	</activity>
	<activity>
		<model-name>com.liferay.portlet.blogs.model.BlogsEntry</model-name>
		<activity-type>${com.liferay.portlet.social.model.SocialActivityConstants.TYPE_SUBSCRIBE}</activity-type>
		<language-key>SUBSCRIBE</language-key>
		<contribution-value>2</contribution-value>
		<contribution-limit enabled="false" />
		<participation-value>2</participation-value>
		<counter>
			<name>asset.subscriptions</name>
			<owner-type>asset</owner-type>
		</counter>
		<counter>
			<name>creator.subscriptions</name>
			<owner-type>creator</owner-type>
		</counter>
		<counter>
			<name>user.subscriptions</name>
			<owner-type>actor</owner-type>
		</counter>
	</activity>
	<activity>
		<model-name>com.liferay.portlet.blogs.model.BlogsEntry</model-name>
		<activity-type>${com.liferay.portlet.social.model.SocialActivityConstants.TYPE_UNSUBSCRIBE}</activity-type>
		<language-key>UNSUBSCRIBE</language-key>
		<contribution-limit enabled="false" />
		<counter>
			<name>asset.cancelled-subscriptions</name>
			<owner-type>asset</owner-type>
		</counter>
		<counter>
			<name>creator.cancelled-subscriptions</name>
			<owner-type>creator</owner-type>
		</counter>
		<counter>
			<name>user.cancelled-subscriptions</name>
			<owner-type>actor</owner-type>
		</counter>
	</activity>
	<activity>
		<model-name>com.liferay.portlet.blogs.model.BlogsEntry</model-name>
		<activity-type>3</activity-type>
		<language-key>UPDATE_ENTRY</language-key>
		<log-activity>true</log-activity>
		<participation-value>1</participation-value>
		<participation-limit period="period">10</participation-limit>
		<counter>
			<name>user.blog-updates</name>
			<owner-type>actor</owner-type>
		</counter>
	</activity>
	<activity>
		<model-name>com.liferay.portlet.blogs.model.BlogsEntry</model-name>
		<activity-type>${com.liferay.portlet.social.model.SocialActivityConstants.TYPE_VIEW}</activity-type>
		<language-key>VIEW</language-key>
		<participation-value>1</participation-value>
	</activity>
	<activity>
		<model-name>com.liferay.portlet.bookmarks.model.BookmarksEntry</model-name>
		<activity-type>${com.liferay.portlet.social.model.SocialActivityConstants.TYPE_MOVE_TO_TRASH}</activity-type>
		<log-activity>true</log-activity>
		<counters-enabled>false</counters-enabled>
	</activity>
	<activity>
		<model-name>com.liferay.portlet.bookmarks.model.BookmarksEntry</model-name>
		<activity-type>${com.liferay.portlet.social.model.SocialActivityConstants.TYPE_RESTORE_FROM_TRASH}</activity-type>
		<log-activity>true</log-activity>
		<counters-enabled>false</counters-enabled>
	</activity>
	<activity>
		<model-name>com.liferay.portlet.bookmarks.model.BookmarksFolder</model-name>
		<activity-type>${com.liferay.portlet.social.model.SocialActivityConstants.TYPE_MOVE_TO_TRASH}</activity-type>
		<log-activity>true</log-activity>
		<counters-enabled>false</counters-enabled>
	</activity>
	<activity>
		<model-name>com.liferay.portlet.bookmarks.model.BookmarksFolder</model-name>
		<activity-type>${com.liferay.portlet.social.model.SocialActivityConstants.TYPE_RESTORE_FROM_TRASH}</activity-type>
		<log-activity>true</log-activity>
		<counters-enabled>false</counters-enabled>
	</activity>
	<activity>
		<model-name>com.liferay.portlet.documentlibrary.model.DLFileEntry</model-name>
		<activity-type>${com.liferay.portlet.social.model.SocialActivityConstants.TYPE_ADD_COMMENT}</activity-type>
		<log-activity>true</log-activity>
	</activity>
	<activity>
		<model-name>com.liferay.portlet.documentlibrary.model.DLFileEntry</model-name>
		<activity-type>${com.liferay.portlet.social.model.SocialActivityConstants.TYPE_MOVE_TO_TRASH}</activity-type>
		<log-activity>true</log-activity>
		<counters-enabled>false</counters-enabled>
	</activity>
	<activity>
		<model-name>com.liferay.portlet.documentlibrary.model.DLFileEntry</model-name>
		<activity-type>${com.liferay.portlet.social.model.SocialActivityConstants.TYPE_RESTORE_FROM_TRASH}</activity-type>
		<log-activity>true</log-activity>
		<counters-enabled>false</counters-enabled>
	</activity>
	<activity>
		<model-name>com.liferay.portlet.documentlibrary.model.DLFolder</model-name>
		<activity-type>${com.liferay.portlet.social.model.SocialActivityConstants.TYPE_MOVE_TO_TRASH}</activity-type>
		<log-activity>true</log-activity>
		<counters-enabled>false</counters-enabled>
	</activity>
	<activity>
		<model-name>com.liferay.portlet.documentlibrary.model.DLFolder</model-name>
		<activity-type>${com.liferay.portlet.social.model.SocialActivityConstants.TYPE_RESTORE_FROM_TRASH}</activity-type>
		<log-activity>true</log-activity>
		<counters-enabled>false</counters-enabled>
	</activity>
	<activity>
		<model-name>com.liferay.portlet.journal.model.JournalArticle</model-name>
		<activity-type>${com.liferay.portlet.social.model.SocialActivityConstants.TYPE_MOVE_TO_TRASH}</activity-type>
		<log-activity>true</log-activity>
		<counters-enabled>false</counters-enabled>
	</activity>
	<activity>
		<model-name>com.liferay.portlet.journal.model.JournalArticle</model-name>
		<activity-type>${com.liferay.portlet.social.model.SocialActivityConstants.TYPE_RESTORE_FROM_TRASH}</activity-type>
		<log-activity>true</log-activity>
		<counters-enabled>false</counters-enabled>
	</activity>
	<activity>
		<model-name>com.liferay.portlet.journal.model.JournalFolder</model-name>
		<activity-type>${com.liferay.portlet.social.model.SocialActivityConstants.TYPE_MOVE_TO_TRASH}</activity-type>
		<log-activity>true</log-activity>
		<counters-enabled>false</counters-enabled>
	</activity>
	<activity>
		<model-name>com.liferay.portlet.journal.model.JournalFolder</model-name>
		<activity-type>${com.liferay.portlet.social.model.SocialActivityConstants.TYPE_RESTORE_FROM_TRASH}</activity-type>
		<log-activity>true</log-activity>
		<counters-enabled>false</counters-enabled>
	</activity>
	<activity>
		<model-name>com.liferay.portlet.messageboards.model.MBMessage</model-name>
		<activity-type>${com.liferay.portlet.messageboards.social.MBActivityKeys.ADD_MESSAGE}</activity-type>
		<language-key>ADD_MESSAGE</language-key>
		<log-activity>true</log-activity>
		<contribution-limit enabled="false" />
		<participation-value>5</participation-value>
		<counter>
			<name>user.message-posts</name>
			<owner-type>actor</owner-type>
		</counter>
	</activity>
	<activity>
		<model-name>com.liferay.portlet.messageboards.model.MBMessage</model-name>
		<activity-type>${com.liferay.portlet.messageboards.social.MBActivityKeys.REPLY_MESSAGE}</activity-type>
		<language-key>REPLY_MESSAGE</language-key>
		<contribution-value>2</contribution-value>
		<counter>
			<name>asset.replies</name>
			<owner-type>asset</owner-type>
		</counter>
	</activity>
	<activity>
		<model-name>com.liferay.portlet.messageboards.model.MBMessage</model-name>
		<activity-type>${com.liferay.portlet.social.model.SocialActivityConstants.TYPE_ADD_VOTE}</activity-type>
		<language-key>ADD_VOTE</language-key>
		<contribution-value>5</contribution-value>
		<contribution-limit enabled="false" />
		<participation-value>1</participation-value>
		<counter>
			<name>asset.votes</name>
			<owner-type>asset</owner-type>
		</counter>
		<counter>
			<name>user.votes</name>
			<owner-type>actor</owner-type>
		</counter>
	</activity>
	<activity>
		<model-name>com.liferay.portlet.messageboards.model.MBMessage</model-name>
		<activity-type>${com.liferay.portlet.social.model.SocialActivityConstants.TYPE_SUBSCRIBE}</activity-type>
		<language-key>SUBSCRIBE</language-key>
		<contribution-value>2</contribution-value>
		<contribution-limit enabled="false" />
		<participation-value>2</participation-value>
		<counter>
			<name>asset.subscriptions</name>
			<owner-type>asset</owner-type>
		</counter>
		<counter>
			<name>creator.subscriptions</name>
			<owner-type>creator</owner-type>
		</counter>
		<counter>
			<name>user.subscriptions</name>
			<owner-type>actor</owner-type>
		</counter>
	</activity>
	<activity>
		<model-name>com.liferay.portlet.messageboards.model.MBMessage</model-name>
		<activity-type>${com.liferay.portlet.social.model.SocialActivityConstants.TYPE_UNSUBSCRIBE}</activity-type>
		<language-key>UNSUBSCRIBE</language-key>
		<counter>
			<name>asset.cancelled-subscriptions</name>
			<owner-type>asset</owner-type>
		</counter>
		<counter>
			<name>creator.cancelled-subscriptions</name>
			<owner-type>creator</owner-type>
		</counter>
		<counter>
			<name>user.cancelled-subscriptions</name>
			<owner-type>actor</owner-type>
		</counter>
	</activity>
	<activity>
		<model-name>com.liferay.portlet.messageboards.model.MBMessage</model-name>
		<activity-type>${com.liferay.portlet.social.model.SocialActivityConstants.TYPE_VIEW}</activity-type>
		<language-key>VIEW</language-key>
		<participation-value>1</participation-value>
	</activity>
	<activity>
		<model-name>com.liferay.portlet.messageboards.model.MBThread</model-name>
		<activity-type>${com.liferay.portlet.social.model.SocialActivityConstants.TYPE_MOVE_TO_TRASH}</activity-type>
		<log-activity>true</log-activity>
		<counters-enabled>false</counters-enabled>
	</activity>
	<activity>
		<model-name>com.liferay.portlet.messageboards.model.MBThread</model-name>
		<activity-type>${com.liferay.portlet.social.model.SocialActivityConstants.TYPE_RESTORE_FROM_TRASH}</activity-type>
		<log-activity>true</log-activity>
		<counters-enabled>false</counters-enabled>
	</activity>
	<activity>
		<model-name>com.liferay.portlet.wiki.model.WikiPage</model-name>
		<activity-type>${com.liferay.portlet.social.model.SocialActivityConstants.TYPE_ADD_ATTACHMENT}</activity-type>
		<language-key>ADD_ATTACHMENT</language-key>
		<log-activity>true</log-activity>
		<contribution-value>2</contribution-value>
		<participation-value>2</participation-value>
		<counter>
			<name>asset.attachments</name>
			<owner-type>asset</owner-type>
		</counter>
		<counter>
			<name>user.attachments</name>
			<owner-type>actor</owner-type>
		</counter>
	</activity>
	<activity>
		<model-name>com.liferay.portlet.wiki.model.WikiPage</model-name>
		<activity-type>${com.liferay.portlet.social.model.SocialActivityConstants.TYPE_ADD_COMMENT}</activity-type>
		<language-key>ADD_COMMENT</language-key>
		<log-activity>true</log-activity>
		<contribution-value>2</contribution-value>
		<participation-value>2</participation-value>
		<counter>
			<name>asset.comments</name>
			<owner-type>asset</owner-type>
		</counter>
		<counter>
			<name>creator.comments</name>
			<owner-type>creator</owner-type>
		</counter>
		<counter>
			<name>user.comments</name>
			<owner-type>actor</owner-type>
		</counter>
	</activity>
	<activity>
		<model-name>com.liferay.portlet.wiki.model.WikiPage</model-name>
		<activity-type>${com.liferay.portlet.wiki.social.WikiActivityKeys.ADD_PAGE}</activity-type>
		<language-key>ADD_PAGE</language-key>
		<log-activity>true</log-activity>
		<contribution-limit enabled="false" />
		<participation-value>5</participation-value>
		<counter>
			<name>user.wikis</name>
			<owner-type>actor</owner-type>
		</counter>
	</activity>
	<activity>
		<model-name>com.liferay.portlet.wiki.model.WikiPage</model-name>
		<activity-type>${com.liferay.portlet.social.model.SocialActivityConstants.TYPE_MOVE_ATTACHMENT_TO_TRASH}</activity-type>
		<log-activity>true</log-activity>
		<counters-enabled>false</counters-enabled>
	</activity>
	<activity>
		<model-name>com.liferay.portlet.wiki.model.WikiPage</model-name>
		<activity-type>${com.liferay.portlet.social.model.SocialActivityConstants.TYPE_MOVE_TO_TRASH}</activity-type>
		<log-activity>true</log-activity>
		<counters-enabled>false</counters-enabled>
	</activity>
	<activity>
		<model-name>com.liferay.portlet.wiki.model.WikiPage</model-name>
		<activity-type>${com.liferay.portlet.social.model.SocialActivityConstants.TYPE_RESTORE_ATTACHMENT_FROM_TRASH}</activity-type>
		<log-activity>true</log-activity>
		<counters-enabled>false</counters-enabled>
	</activity>
	<activity>
		<model-name>com.liferay.portlet.wiki.model.WikiPage</model-name>
		<activity-type>${com.liferay.portlet.social.model.SocialActivityConstants.TYPE_RESTORE_FROM_TRASH}</activity-type>
		<log-activity>true</log-activity>
		<counters-enabled>false</counters-enabled>
	</activity>
	<activity>
		<model-name>com.liferay.portlet.wiki.model.WikiPage</model-name>
		<activity-type>${com.liferay.portlet.social.model.SocialActivityConstants.TYPE_SUBSCRIBE}</activity-type>
		<language-key>SUBSCRIBE</language-key>
		<contribution-value>2</contribution-value>
		<contribution-limit enabled="false" />
		<participation-value>2</participation-value>
		<counter>
			<name>asset.subscriptions</name>
			<owner-type>asset</owner-type>
		</counter>
		<counter>
			<name>creator.subscriptions</name>
			<owner-type>creator</owner-type>
		</counter>
		<counter>
			<name>user.subscriptions</name>
			<owner-type>actor</owner-type>
		</counter>
	</activity>
	<activity>
		<model-name>com.liferay.portlet.wiki.model.WikiPage</model-name>
		<activity-type>${com.liferay.portlet.social.model.SocialActivityConstants.TYPE_UNSUBSCRIBE}</activity-type>
		<language-key>UNSUBSCRIBE</language-key>
		<counter>
			<name>asset.cancelled-subscriptions</name>
			<owner-type>asset</owner-type>
		</counter>
		<counter>
			<name>creator.cancelled-subscriptions</name>
			<owner-type>creator</owner-type>
		</counter>
		<counter>
			<name>user.cancelled-subscriptions</name>
			<owner-type>actor</owner-type>
		</counter>
	</activity>
	<activity>
		<model-name>com.liferay.portlet.wiki.model.WikiPage</model-name>
		<activity-type>${com.liferay.portlet.wiki.social.WikiActivityKeys.UPDATE_PAGE}</activity-type>
		<language-key>UPDATE_PAGE</language-key>
		<log-activity>true</log-activity>
		<participation-value>1</participation-value>
		<participation-limit period="period">10</participation-limit>
		<counter>
			<name>user.wiki-updates</name>
			<owner-type>actor</owner-type>
		</counter>
	</activity>
	<activity>
		<model-name>com.liferay.portlet.wiki.model.WikiPage</model-name>
		<activity-type>${com.liferay.portlet.social.model.SocialActivityConstants.TYPE_VIEW}</activity-type>
		<language-key>VIEW</language-key>
		<participation-value>1</participation-value>
	</activity>
</liferay-social>