<?xml version="1.0"?>
<!DOCTYPE routes PUBLIC "-//Liferay//DTD Friendly URL Routes 6.2.0//EN" "http://www.liferay.com/dtd/liferay-friendly-url-routes_6_2_0.dtd">

<routes>
	<route>
		<pattern></pattern>
		<implicit-parameter name="folderId">0</implicit-parameter>
		<implicit-parameter name="struts_action">/document_library_display/view</implicit-parameter>
	</route>
	<route>
		<pattern>/{instanceId}</pattern>
		<implicit-parameter name="folderId">0</implicit-parameter>
		<implicit-parameter name="struts_action">/document_library_display/view</implicit-parameter>
	</route>
	<route>
		<pattern>/{instanceId}/view/{folderId:\d+}</pattern>
		<implicit-parameter name="struts_action">/document_library_display/view</implicit-parameter>
	</route>
	<route>
		<pattern>/{instanceId}/view_file/{fileEntryId:\d+}</pattern>
		<implicit-parameter name="struts_action">/document_library_display/view_file_entry</implicit-parameter>
	</route>
	<route>
		<pattern>/{instanceId}/{topLink}</pattern>
	</route>
</routes>